temperatura,humedad,temp_var
5.862560238232398,72.85648581973632,0.4381191177598552
6.955788089483033,69.29107501938887,1.7263760731147768
5.862560238232398,72.85648581973632,0.43811911775985524
